Company Name,Industry,Symbol,Series,ISIN Code,_symbol_norm,instrument_token,exchange_token,tradingsymbol,name,last_price,expiry,strike,tick_size,lot_size,instrument_type,segment,exchange,index_name,is_mapped
Adani Enterprises Ltd.,Metals & Mining,ADANIENT,EQ,INE423A01024,ADANIENT,6401,25,ADANIENT,ADANI ENTERPRISES,0,,0.0,0.1,1,EQ,NSE,NSE,NIFTY50,True
Adani Ports and Special Economic Zone Ltd.,Services,ADANIPORTS,EQ,INE742F01042,ADANIPORTS,3861249,15083,ADANIPORTS,ADANI PORT & SEZ,0,,0.0,0.1,1,EQ,NSE,NSE,NIFTY50,True
Apollo Hospitals Enterprise Ltd.,Healthcare,APOLLOHOSP,EQ,INE437A01024,APOLLOHOSP,40193,157,APOLLOHOSP,APOLLO HOSPITALS ENTER. L,0,,0.0,0.5,1,EQ,NSE,NSE,NIFTY50,True
Asian Paints Ltd.,Consumer Durables,ASIANPAINT,EQ,INE021A01026,ASIANPAINT,60417,236,ASIANPAINT,ASIAN PAINTS,0,,0.0,0.1,1,EQ,NSE,NSE,NIFTY50,True
Axis Bank Ltd.,Financial Services,AXISBANK,EQ,INE238A01034,AXISBANK,1510401,5900,AXISBANK,AXIS BANK,0,,0.0,0.1,1,EQ,NSE,NSE,NIFTY50,True
Bajaj Auto Ltd.,Automobile and Auto Components,BAJAJ-AUTO,EQ,INE917I01010,BAJAJ-AUTO,4267265,16669,BAJAJ-AUTO,BAJAJ AUTO,0,,0.0,0.5,1,EQ,NSE,NSE,NIFTY50,True
Bajaj Finance Ltd.,Financial Services,BAJFINANCE,EQ,INE296A01032,BAJFINANCE,81153,317,BAJFINANCE,BAJAJ FINANCE,0,,0.0,0.05,1,EQ,NSE,NSE,NIFTY50,True
Bajaj Finserv Ltd.,Financial Services,BAJAJFINSV,EQ,INE918I01026,BAJAJFINSV,4268801,16675,BAJAJFINSV,BAJAJ FINSERV,0,,0.0,0.1,1,EQ,NSE,NSE,NIFTY50,True
Bharat Electronics Ltd.,Capital Goods,BEL,EQ,INE263A01024,BEL,98049,383,BEL,BHARAT ELECTRONICS,0,,0.0,0.05,1,EQ,NSE,NSE,NIFTY50,True
Bharti Airtel Ltd.,Telecommunication,BHARTIARTL,EQ,INE397D01024,BHARTIARTL,2714625,10604,BHARTIARTL,BHARTI AIRTEL,0,,0.0,0.1,1,EQ,NSE,NSE,NIFTY50,True
Cipla Ltd.,Healthcare,CIPLA,EQ,INE059A01026,CIPLA,177665,694,CIPLA,CIPLA,0,,0.0,0.1,1,EQ,NSE,NSE,NIFTY50,True
Coal India Ltd.,Oil Gas & Consumable Fuels,COALINDIA,EQ,INE522F01014,COALINDIA,5215745,20374,COALINDIA,COAL INDIA,0,,0.0,0.05,1,EQ,NSE,NSE,NIFTY50,True
Dr. Reddy's Laboratories Ltd.,Healthcare,DRREDDY,EQ,INE089A01031,DRREDDY,225537,881,DRREDDY,DR. REDDY S LABORATORIES,0,,0.0,0.1,1,EQ,NSE,NSE,NIFTY50,True
Eicher Motors Ltd.,Automobile and Auto Components,EICHERMOT,EQ,INE066A01021,EICHERMOT,232961,910,EICHERMOT,EICHER MOTORS,0,,0.0,0.5,1,EQ,NSE,NSE,NIFTY50,True
Eternal Ltd.,Consumer Services,ETERNAL,EQ,INE758T01015,ETERNAL,1304833,5097,ETERNAL,ETERNAL - ZOMATO,0,,0.0,0.01,1,EQ,NSE,NSE,NIFTY50,True
Grasim Industries Ltd.,Construction Materials,GRASIM,EQ,INE047A01021,GRASIM,315393,1232,GRASIM,GRASIM INDUSTRIES,0,,0.0,0.1,1,EQ,NSE,NSE,NIFTY50,True
HCL Technologies Ltd.,Information Technology,HCLTECH,EQ,INE860A01027,HCLTECH,1850625,7229,HCLTECH,HCL TECHNOLOGIES,0,,0.0,0.1,1,EQ,NSE,NSE,NIFTY50,True
HDFC Bank Ltd.,Financial Services,HDFCBANK,EQ,INE040A01034,HDFCBANK,341249,1333,HDFCBANK,HDFC BANK,0,,0.0,0.05,1,EQ,NSE,NSE,NIFTY50,True
HDFC Life Insurance Company Ltd.,Financial Services,HDFCLIFE,EQ,INE795G01014,HDFCLIFE,119553,467,HDFCLIFE,HDFC LIFE INS CO,0,,0.0,0.05,1,EQ,NSE,NSE,NIFTY50,True
Hindalco Industries Ltd.,Metals & Mining,HINDALCO,EQ,INE038A01020,HINDALCO,348929,1363,HINDALCO,HINDALCO  INDUSTRIES ,0,,0.0,0.1,1,EQ,NSE,NSE,NIFTY50,True
Hindustan Unilever Ltd.,Fast Moving Consumer Goods,HINDUNILVR,EQ,INE030A01027,HINDUNILVR,356865,1394,HINDUNILVR,HINDUSTAN UNILEVER,0,,0.0,0.1,1,EQ,NSE,NSE,NIFTY50,True
ICICI Bank Ltd.,Financial Services,ICICIBANK,EQ,INE090A01021,ICICIBANK,1270529,4963,ICICIBANK,ICICI BANK,0,,0.0,0.1,1,EQ,NSE,NSE,NIFTY50,True
ITC Ltd.,Fast Moving Consumer Goods,ITC,EQ,INE154A01025,ITC,424961,1660,ITC,ITC,0,,0.0,0.05,1,EQ,NSE,NSE,NIFTY50,True
Infosys Ltd.,Information Technology,INFY,EQ,INE009A01021,INFY,408065,1594,INFY,INFOSYS,0,,0.0,0.1,1,EQ,NSE,NSE,NIFTY50,True
InterGlobe Aviation Ltd.,Services,INDIGO,EQ,INE646L01027,INDIGO,2865921,11195,INDIGO,INTERGLOBE AVIATION,0,,0.0,0.1,1,EQ,NSE,NSE,NIFTY50,True
JSW Steel Ltd.,Metals & Mining,JSWSTEEL,EQ,INE019A01038,JSWSTEEL,3001089,11723,JSWSTEEL,JSW STEEL,0,,0.0,0.1,1,EQ,NSE,NSE,NIFTY50,True
Jio Financial Services Ltd.,Financial Services,JIOFIN,EQ,INE758E01017,JIOFIN,4644609,18143,JIOFIN,JIO FIN SERVICES,0,,0.0,0.01,1,EQ,NSE,NSE,NIFTY50,True
Kotak Mahindra Bank Ltd.,Financial Services,KOTAKBANK,EQ,INE237A01036,KOTAKBANK,492033,1922,KOTAKBANK,KOTAK MAHINDRA BANK,0,,0.0,0.05,1,EQ,NSE,NSE,NIFTY50,True
Larsen & Toubro Ltd.,Construction,LT,EQ,INE018A01030,LT,2939649,11483,LT,LARSEN & TOUBRO,0,,0.0,0.1,1,EQ,NSE,NSE,NIFTY50,True
Mahindra & Mahindra Ltd.,Automobile and Auto Components,M&M,EQ,INE101A01026,M&M,519937,2031,M&M,MAHINDRA & MAHINDRA,0,,0.0,0.1,1,EQ,NSE,NSE,NIFTY50,True
Maruti Suzuki India Ltd.,Automobile and Auto Components,MARUTI,EQ,INE585B01010,MARUTI,2815745,10999,MARUTI,MARUTI SUZUKI INDIA,0,,0.0,1.0,1,EQ,NSE,NSE,NIFTY50,True
Max Healthcare Institute Ltd.,Healthcare,MAXHEALTH,EQ,INE027H01010,MAXHEALTH,5728513,22377,MAXHEALTH,MAX HEALTHCARE INS,0,,0.0,0.05,1,EQ,NSE,NSE,NIFTY50,True
NTPC Ltd.,Power,NTPC,EQ,INE733E01010,NTPC,2977281,11630,NTPC,NTPC,0,,0.0,0.05,1,EQ,NSE,NSE,NIFTY50,True
Nestle India Ltd.,Fast Moving Consumer Goods,NESTLEIND,EQ,INE239A01024,NESTLEIND,4598529,17963,NESTLEIND,NESTLE INDIA,0,,0.0,0.1,1,EQ,NSE,NSE,NIFTY50,True
Oil & Natural Gas Corporation Ltd.,Oil Gas & Consumable Fuels,ONGC,EQ,INE213A01029,ONGC,633601,2475,ONGC,OIL AND NATURAL GAS CORP.,0,,0.0,0.05,1,EQ,NSE,NSE,NIFTY50,True
Power Grid Corporation of India Ltd.,Power,POWERGRID,EQ,INE752E01010,POWERGRID,3834113,14977,POWERGRID,POWER GRID CORP.,0,,0.0,0.05,1,EQ,NSE,NSE,NIFTY50,True
Reliance Industries Ltd.,Oil Gas & Consumable Fuels,RELIANCE,EQ,INE002A01018,RELIANCE,738561,2885,RELIANCE,RELIANCE INDUSTRIES,0,,0.0,0.1,1,EQ,NSE,NSE,NIFTY50,True
SBI Life Insurance Company Ltd.,Financial Services,SBILIFE,EQ,INE123W01016,SBILIFE,5582849,21808,SBILIFE,SBI LIFE INSURANCE CO,0,,0.0,0.1,1,EQ,NSE,NSE,NIFTY50,True
Shriram Finance Ltd.,Financial Services,SHRIRAMFIN,EQ,INE721A01047,SHRIRAMFIN,1102337,4306,SHRIRAMFIN,SHRIRAM FINANCE,0,,0.0,0.05,1,EQ,NSE,NSE,NIFTY50,True
State Bank of India,Financial Services,SBIN,EQ,INE062A01020,SBIN,779521,3045,SBIN,STATE BANK OF INDIA,0,,0.0,0.1,1,EQ,NSE,NSE,NIFTY50,True
Sun Pharmaceutical Industries Ltd.,Healthcare,SUNPHARMA,EQ,INE044A01036,SUNPHARMA,857857,3351,SUNPHARMA,SUN PHARMACEUTICAL IND L,0,,0.0,0.1,1,EQ,NSE,NSE,NIFTY50,True
Tata Consultancy Services Ltd.,Information Technology,TCS,EQ,INE467B01029,TCS,2953217,11536,TCS,TATA CONSULTANCY SERV LT,0,,0.0,0.1,1,EQ,NSE,NSE,NIFTY50,True
Tata Consumer Products Ltd.,Fast Moving Consumer Goods,TATACONSUM,EQ,INE192A01025,TATACONSUM,878593,3432,TATACONSUM,TATA CONSUMER PRODUCT,0,,0.0,0.1,1,EQ,NSE,NSE,NIFTY50,True
Tata Motors Passenger Vehicles Ltd.,Automobile and Auto Components,TMPV,EQ,INE155A01022,TMPV,884737,3456,TMPV,TATA MOTORS PASS VEH,0,,0.0,0.05,1,EQ,NSE,NSE,NIFTY50,True
Tata Steel Ltd.,Metals & Mining,TATASTEEL,EQ,INE081A01020,TATASTEEL,895745,3499,TATASTEEL,TATA STEEL,0,,0.0,0.01,1,EQ,NSE,NSE,NIFTY50,True
Tech Mahindra Ltd.,Information Technology,TECHM,EQ,INE669C01036,TECHM,3465729,13538,TECHM,TECH MAHINDRA,0,,0.0,0.1,1,EQ,NSE,NSE,NIFTY50,True
Titan Company Ltd.,Consumer Durables,TITAN,EQ,INE280A01028,TITAN,897537,3506,TITAN,TITAN COMPANY,0,,0.0,0.1,1,EQ,NSE,NSE,NIFTY50,True
Trent Ltd.,Consumer Services,TRENT,EQ,INE849A01020,TRENT,502785,1964,TRENT,TRENT,0,,0.0,0.1,1,EQ,NSE,NSE,NIFTY50,True
UltraTech Cement Ltd.,Construction Materials,ULTRACEMCO,EQ,INE481G01011,ULTRACEMCO,2952193,11532,ULTRACEMCO,ULTRATECH CEMENT,0,,0.0,1.0,1,EQ,NSE,NSE,NIFTY50,True
Wipro Ltd.,Information Technology,WIPRO,EQ,INE075A01022,WIPRO,969473,3787,WIPRO,WIPRO,0,,0.0,0.01,1,EQ,NSE,NSE,NIFTY50,True
